x_mm,y_mm
1.244445044910192735e+02,0.000000000000000000e+00
1.248102554769818937e+02,4.904377733671642092e-01
1.251738641755839723e+02,9.837483132317847989e-01
1.255351099636446293e+02,1.479919131659807485e+00
1.258937725379467025e+02,1.978934454029870116e+00
1.262496320601300965e+02,2.480775226445210535e+00
1.266024693012807489e+02,2.985419126055389505e+00
1.269520657861140762e+02,3.492840574279529875e+00
1.272982039366526124e+02,4.003010752920415527e+00
1.276406672152970145e+02,4.515897623156420515e+00
1.279792402671910025e+02,5.031465947395926896e+00
1.283137090617806564e+02,5.549677313976541626e+00
1.286438610334693919e+02,6.070490164689104517e+00
1.289694852212702756e+02,6.593859825104188666e+00
1.292903724073585181e+02,7.119738537676508550e+00
1.296063152544275852e+02,7.648075497600395956e+00
1.299171084417529585e+02,8.178816891387240773e+00
1.302225487998687754e+02,8.711905938133575944e+00
1.305224354437637828e+02,9.247282933446337339e+00
1.308165699045035808e+02,9.784885295989584009e+00
1.311047562591880364e+02,1.032464761661489305e+01
1.313868012591525769e+02,1.086650171003547705e+01
1.316625144563255105e+02,1.141037666900204250e+01
1.319317083276524443e+02,1.195619892093631975e+01
1.321941983975021628e+02,1.250389228697619259e+01
1.324498033579687046e+02,1.305337804338441465e+01
1.326983451869862733e+02,1.360457498527088305e+01
1.329396492641754719e+02,1.415739949257664065e+01
1.331735444843401410e+02,1.471176559826584729e+01
1.333998633685367281e+02,1.526758505867011273e+01
1.336184421726395328e+02,1.582476742592797692e+01
1.338291209933266259e+02,1.638322012246038284e+01
1.340317438714134255e+02,1.694284851742138898e+01
1.342261588924630757e+02,1.750355600506188836e+01
1.344122182846043643e+02,1.806524408494220424e+01
1.345897785134897617e+02,1.862781244392816404e+01
1.347587003743287539e+02,1.919115903990369176e+01
1.349188490809336542e+02,1.975518018713142609e+01
1.350700943517166763e+02,2.031977064319167425e+01
1.352123104925800874e+02,2.088482369742856193e+01
1.353453764766427412e+02,2.145023126083094311e+01
1.354691760207490177e+02,2.201588395727462100e+01
1.355835976587086691e+02,2.258167121605102068e+01
1.356885348112176928e+02,2.314748136560653791e+01
1.357838858524134196e+02,2.371320172841573992e+01
1.358695541730197931e+02,2.427871871691055716e+01
1.359454482400394681e+02,2.484391793038663465e+01
1.360114816529544441e+02,2.540868425280745768e+01
1.360675731963972908e+02,2.597290195142564428e+01
1.361136468892584617e+02,2.653645477614049142e+01
1.361496320301980631e+02,2.709922605950986352e+01
1.361754632395322915e+02,2.766109881733414610e+01
1.361910804974677660e+02,2.822195584972940807e+01
1.361964291786597983e+02,2.878167984260630163e+01
1.361914600830727693e+02,2.934015346947109393e+01
1.361761294631240276e+02,2.989725949346462386e+01
1.361503990470946235e+02,3.045288086955488183e+01
1.361142360587938072e+02,3.100690084679871106e+01
1.360676132334663180e+02,3.155920307058785212e+01
1.360105088299340537e+02,3.210967168479462686e+01
1.359429066389670311e+02,3.265819143373256850e+01
1.358647959878806546e+02,3.320464776384714867e+01
1.357761717413592919e+02,3.374892692505230229e+01
1.356770342985087723e+02,3.429091607162813915e+01
1.355673895861434914e+02,3.483050336259596236e+01
1.354472490483154559e+02,3.536757806148681027e+01
1.353166296320969195e+02,3.590203063542002582e+01
1.351755537696291185e+02,3.643375285340928116e+01
1.350240493564540714e+02,3.696263788381340021e+01
1.348621497261474076e+02,3.748858039085044425e+01
1.346898936212738818e+02,3.801147663009393796e+01
1.345073251606899589e+02,3.853122454287082377e+01
1.343144938032192783e+02,3.904772384948168451e+01
1.341114543077310373e+02,3.956087614116443518e+01
1.338982666896521607e+02,4.007058497072381442e+01
1.336749961739483297e+02,4.057675594174974520e+01
1.334417131446101621e+02,4.107929679634889197e+01
1.331984930906837690e+02,4.157811750131478590e+01
1.329454165488879482e+02,4.207313033266289182e+01
1.326825690428610756e+02,4.256424995845837600e+01
1.324100410190858383e+02,4.305139351986588281e+01
1.321279277795384246e+02,4.353448071035096234e+01
1.318363294111161395e+02,4.401343385296578248e+01
1.315353507118937557e+02,4.448817797565144616e+01
1.312251011142671473e+02,4.495864088449221185e+01
1.309056946050401677e+02,4.542475323485751915e+01
1.305772496425152838e+02,4.588644860036975359e+01
1.302398890706508041e+02,4.634366353963726937e+01
1.298937400303475442e+02,4.679633766069374445e+01
1.295389338679324283e+02,4.724441368308704625e+01
1.291756060409058762e+02,4.768783749756197921e+01
1.288038960210243431e+02,4.812655822328391508e+01
1.284239471947887807e+02,4.856052826255151444e+01
1.280359067614130311e+02,4.898970335294895051e+01
1.276399256283481236e+02,4.941404261689010013e+01
1.272361583044387032e+02,4.983350860850908504e+01
1.268247627907910697e+02,5.024806735785349332e+01
1.264059004694326092e+02,5.065768841233884245e+01
1.259797359898447979e+02,5.106234487542486988e+01
1.255464371534528851e+02,5.146201344247659648e+01
1.251061747961569637e+02,5.185667443377481334e+01
1.246591226689903920e+02,5.224631182464342771e+01
1.242054573169928773e+02,5.263091327266298691e+01
1.237453579563863286e+02,5.301047014194188733e+01
1.232790063501439590e+02,5.338497752441964650e+01
1.228065866820418677e+02,5.375443425817793752e+01
1.223282854292861686e+02,5.411884294273856000e+01
1.218442912338071551e+02,5.447820995132881450e+01
1.213547947723147047e+02,5.483254544009803055e+01
1.208599886252082882e+02,5.518186335427053280e+01
1.203600671444375934e+02,5.552618143122365524e+01
1.198552263204084198e+02,5.586552120048079217e+01
1.193456636480301825e+02,5.619990798061277104e+01
1.188315779920025363e+02,5.652937087304297137e+01
1.183131694514367638e+02,5.685394275275358211e+01
1.177906392239108868e+02,5.717366025589370793e+01
1.172641894690551823e+02,5.748856376429174730e+01
1.167340231717668217e+02,5.779869738687717273e+01
1.162003440051512797e+02,5.810410893801945065e+01
1.156633561932890757e+02,5.840484991279387117e+01
1.151232643739258776e+02,5.870097545918689974e+01
1.145802734611843334e+02,5.899254434725585838e+01
1.140345885083953590e+02,5.927961893526018144e+01
1.134864145711471508e+02,5.956226513278397761e+01
1.129359565706488695e+02,5.984055236087201735e+01
1.123834191575068502e+02,6.011455350920344642e+01
1.118290065760093484e+02,6.038434489033016206e+01
1.112729225290169239e+02,6.065000619100910484e+01
1.107153700435533352e+02,6.091162042065970894e+01
1.101565513371927665e+02,6.116927385698057407e+01
1.095966676853369961e+02,6.142305598876116335e+01
1.090359192894767233e+02,6.167305945592713101e+01
1.084745051465296228e+02,6.191937998685965283e+01
1.079126229193464184e+02,6.216211633303141326e+01
1.073504688084769612e+02,6.240137020100456056e+01
1.067882374252849189e+02,6.263724618183722725e+01
1.062261216665005605e+02,6.286985167794804852e+01
1.056643125902988061e+02,6.309929682748974500e+01
1.051029992939892850e+02,6.332569442628538070e+01
1.045423687934026447e+02,6.354915984738182289e+01
1.039826059040575785e+02,6.376981095827845536e+01
1.034238931241901867e+02,6.398776803588949491e+01
1.028664105197267560e+02,6.420315367930146522e+01
1.023103356112791715e+02,6.441609272038814993e+01
1.017558432632401519e+02,6.462671213234796141e+01
1.012031055750548774e+02,6.483514093622956409e+01
1.006522917747429631e+02,6.504151010551440493e+01
1.001035681147431688e+02,6.524595246882483934e+01
9.955709777015174211e+01,6.544860261082988018e+01
9.901304073942328898e+01,6.564959677142068983e+01
9.847155374760082225e+01,6.584907274323009574e+01
9.793279015214025662e+01,6.604716976757201508e+01
9.739689985139209227e+01,6.624402842887707266e+01
9.686402919580137905e+01,6.643979054770336745e+01
9.633432090188482277e+01,6.663459907240128643e+01
9.580791396904150758e+01,6.682859796951326814e+01
9.528494359925205970e+01,6.702193211299034203e+01
9.476554111971833549e+01,6.721474717230788087e+01
9.424983390849395448e+01,6.740718949956514905e+01
9.373794532315326933e+01,6.759940601565236307e+01
9.322999463254456032e+01,6.779154409557189354e+01
9.272609695167018629e+01,6.798375145299937117e+01
9.222636317973478981e+01,6.817617602417219302e+01
9.173089994139999703e+01,6.836896585119312419e+01
9.123980953128122451e+01,6.856226896483751432e+01
9.075318986172041491e+01,6.875623326695321680e+01
9.027113441386563863e+01,6.895100641254232698e+01
8.979373219208609669e+01,6.914673569161523403e+01
8.932106768174840283e+01,6.934356791090644379e+01
8.885322081037804764e+01,6.954164927554334952e+01
8.839026691222659338e+01,6.974112527075810419e+01
8.793227669626317322e+01,6.994214054373381373e+01
8.747931621760629639e+01,7.014483878567561703e+01
8.703144685240891931e+01,7.034936261419765913e+01
8.658872527620773951e+01,7.055585345611670789e+01
8.615120344574464184e+01,7.076445143074320754e+01
8.571892858426606665e+01,7.097529523375996519e+01
8.529194317030277261e+01,7.118852202177870936e+01
8.487028492993094630e+01,7.140426729766447522e+01
8.445398683251171690e+01,7.162266479671673380e+01
8.404307708990512538e+01,7.184384637379685046e+01
8.363757915915009278e+01,7.206794189148948249e+01
8.323751174860143465e+01,7.229507910938595217e+01
8.284288882751070560e+01,7.252538357457679297e+01
8.245371963903606627e+01,7.275897851343900413e+01
8.207000871666377861e+01,7.299598472480441558e+01
8.169175590402079479e+01,7.323652047459270875e+01
8.131895637805619970e+01,7.348070139199322170e+01
8.095160067556643924e+01,7.372864036727806081e+01
8.058967472303635304e+01,7.398044745132749256e+01
8.023315986976682268e+01,7.423622975694863158e+01
7.988203292425616553e+01,7.449609136206566973e+01
7.953626619380041518e+01,7.476013321486021823e+01
7.919582752727615116e+01,7.502845304093764867e+01
7.886068036106557599e+01,7.530114525259493519e+01
7.853078376808285554e+01,7.557830086026307015e+01
7.820609250985765470e+01,7.586000738619696904e+01
7.788655709162934215e+01,7.614634878048248368e+01
7.757212382040427201e+01,7.643740533943001481e+01
7.726273486592504014e+01,7.673325362642196978e+01
7.695832832449953287e+01,7.703396639527917955e+01
7.665883828563517000e+01,7.733961251621025212e+01
7.636419490142162658e+01,7.765025690440596406e+01
7.607432445860345638e+01,7.796596045133804864e+01
7.578914945328237707e+01,7.828677995882117102e+01
7.550858866818653325e+01,7.861276807589372595e+01
7.523255725244287362e+01,7.894397323857168658e+01
7.496096680378641963e+01,7.928043961252762983e+01
7.469372545313905221e+01,7.962220703874449157e+01
7.443073795148831096e+01,7.996931098219231160e+01
7.417190575899519445e+01,8.032178248357310224e+01
7.391712713625888398e+01,8.067964811417742510e+01
7.366629723766388338e+01,8.104292993389383071e+01
7.341930820673444202e+01,8.141164545240958716e+01
7.317604927341947985e+01,8.178580759363978814e+01
7.293640685322988304e+01,8.216542466341849149e+01
7.270026464814857547e+01,8.255050032048367825e+01
7.246750374923293236e+01,8.294103355078566153e+01
7.223800274082806538e+01,8.333701864514551971e+01
7.201163780630768940e+01,8.373844518028829498e+01
7.178828283525912468e+01,8.414529800327264297e+01
7.156780953202765261e+01,8.455755721933664404e+01
7.135008752553446243e+01,8.497519818317661588e+01
7.113498448028187227e+01,8.539819149367325224e+01
7.092236620845872608e+01,8.582650299207729461e+01
7.071209678305787349e+01,8.626009376366374681e+01
7.050403865191738362e+01,8.669892014286139670e+01
7.029805275259674602e+01,8.714293372186210718e+01
7.009399862799807579e+01,8.759208136271114142e+01
6.989173454264273744e+01,8.804630521287776901e+01
6.969111759951336182e+01,8.850554272430241554e+01
6.949200385737020724e+01,8.896972667591427353e+01
6.929424844845173936e+01,8.943878519961072016e+01
6.909770569646825322e+01,8.991264180968686048e+01
6.890222923479782935e+01,9.039121543570172435e+01
6.870767212479374564e+01,9.087442045876431962e+01
6.851388697411239548e+01,9.136216675122055619e+01
6.832072605497141637e+01,9.185435971971955382e+01
6.812804142224712223e+01,9.235090035163496225e+01
6.793568503132171088e+01,9.285168526481507456e+01
6.774350885558979485e+01,9.335660676063179153e+01
6.755136500353548001e+01,9.386555288029779831e+01
6.735910583529076234e+01,9.437840746441688111e+01
6.716658407858713531e+01,9.489505021573140198e+01
6.697365294401251390e+01,9.541535676502775232e+01
6.678016623948681740e+01,9.593919874015853111e+01
6.658597848386951057e+01,9.646644383813735146e+01
6.639094501961419326e+01,9.699695590026071557e+01
6.619492212438528611e+01,9.753059499020825740e+01
6.599776712155346559e+01,9.806721747507050679e+01
6.579933848948729747e+01,9.860667610925190729e+01
6.559949596955938489e+01,9.914882012119340970e+01
6.539810067278688166e+01,9.969349530285765582e+01
6.519501518502707427e+01,1.002405441019173082e+02
6.499010367065019977e+01,1.007898057165852777e+02
6.478323197461300254e+01,1.013411161930230691e+02
6.457426772285734273e+01,1.018943085252617635e+02
6.436308042096096926e+01,1.024492127575689295e+02
6.414954155096701527e+01,1.030056560891910209e+02
6.393352466632252629e+01,1.035634629814008605e+02
6.371490548485592598e+01,1.041224552667774645e+02
6.349356197972652183e+01,1.046824522606424352e+02
6.326937446827984957e+01,1.052432708745780019e+02
6.304222569874492876e+01,1.058047257319473005e+02
6.281200093471079526e+01,1.063666292853383624e+02
6.257858803732226249e+01,1.069287919358501000e+02
6.234187754513592239e+01,1.074910221541376529e+02
6.210176275157969172e+01,1.080531266031337054e+02
6.185813977996144786e+01,1.086149102623597145e+02
6.161090765597363372e+01,1.091761765537408309e+02
6.135996837764352563e+01,1.097367274688370031e+02
6.110522698268002983e+01,1.102963636973999684e+02
6.084659161317097897e+01,1.108548847571681222e+02
6.058397357758629198e+01,1.114120891248060019e+02
6.031728741004464212e+01,1.119677743678979454e+02
6.004645092680418372e+01,1.125217372779020053e+02
5.977138527993887607e+01,1.130737740039709109e+02
5.949201500816535315e+01,1.136236801875450482e+02
5.920826808478714298e+01,1.141712510976225303e+02
5.892007596272492975e+01,1.147162817666107202e+02
5.862737361660480673e+01,1.152585671266621290e+02
5.833009958187775368e+01,1.157979021463985987e+02
5.802819599094694070e+01,1.163340819679257265e+02
5.772160860628114420e+01,1.168669020440408985e+02
5.741028685049504787e+01,1.173961582755359103e+02
5.709418383338025649e+01,1.179216471484968167e+02
5.677325637587207297e+01,1.184431658715030125e+02
5.644746503094084034e+01,1.189605125126263090e+02
5.611677410139808586e+01,1.194734861361333884e+02
5.578115165461058211e+01,1.199818869387913480e+02
5.544056953411785571e+01,1.204855163856806968e+02
5.509500336815115418e+01,1.209841773454166400e+02
5.474443257505398464e+01,1.214776742246812091e+02
5.438884036560725832e+01,1.219658131019703973e+02
5.402821374226426343e+01,1.224484018604583753e+02
5.366254349530291279e+01,1.229252503198836308e+02
5.329182419590565445e+01,1.233961703673614210e+02
5.291605418617940870e+01,1.238609760870273533e+02
5.253523556613024681e+01,1.243194838884190148e+02
5.214937417761036897e+01,1.247715126335010183e+02
5.175847958525685044e+01,1.252168837622428299e+02
5.136256505444416831e+01,1.256554214166563526e+02
5.096164752627476702e+01,1.260869525632041075e+02
5.055574758963438597e+01,1.265113071134882006e+02
5.014488945034102585e+01,1.269283180431315401e+02
4.972910089741849760e+01,1.273378215087655292e+02
4.930841326652842582e+01,1.277396569630371772e+02
4.888286140059554441e+01,1.281336672675522834e+02
4.845248360766505158e+01,1.285196988036714743e+02
4.801732161603088400e+01,1.288976015810777085e+02
4.757742052667764199e+01,1.292672293440348028e+02
4.713282876308019098e+01,1.296284396752596990e+02
4.668359801840649226e+01,1.299810940973309243e+02
4.622978320017268317e+01,1.303250581715581120e+02
4.577144237239962621e+01,1.306602015942405046e+02
4.530863669532352134e+01,1.309863982902415955e+02
4.484143036271435534e+01,1.313035265038111561e+02
4.436989053685744011e+01,1.316114688865870619e+02
4.389408728125641801e+01,1.319101125827107808e+02
4.341409349111587801e+01,1.321993493109931990e+02
4.292998482166572671e+01,1.324790754440692524e+02
4.244183961438861985e+01,1.327491920844814786e+02
4.194973882121569630e+01,1.330096051376357309e+02
4.145376592675577854e+01,1.332602253815734059e+02
4.095400686862512174e+01,1.335009685335078871e+02
4.045054995594682623e+01,1.337317553130738759e+02
3.994348578608930467e+01,1.339525115022420891e+02
3.943290715971583893e+01,1.341631680018527675e+02
3.891890899421696304e+01,1.343636608847251352e+02
3.840158823560026491e+01,1.345539314453009752e+02
3.788104376891217839e+01,1.347339262457842324e+02
3.735737632726748814e+01,1.349035971587404390e+02
3.683068839956440854e+01,1.350629014061217958e+02
3.630108413696233072e+01,1.352118015946876710e+02
3.576866925820188214e+01,1.353502657477912976e+02
3.523355095384677327e+01,1.354782673335067500e+02
3.469583778952767261e+01,1.355957852890735182e+02
3.415563960827014256e+01,1.357028040416371084e+02
3.361306743198751690e+01,1.357993135252681043e+02
3.306823336222227283e+01,1.358853091942443712e+02
3.252125048021780174e+01,1.359607920325829582e+02
3.197223274640502666e+01,1.360257685598126898e+02
3.142129489938706755e+01,1.360802508329791465e+02
3.086855235450616064e+01,1.361242564448777159e+02
3.031412110207766020e+01,1.361578085185129510e+02
2.975811760537501272e+01,1.361809356977844629e+02
2.920065869845128148e+01,1.361936721344033003e+02
2.864186148388100150e+01,1.361960574710443552e+02
2.808184323050796039e+01,1.361881368207444893e+02
2.752072127128315060e+01,1.361699607425567251e+02
2.695861290127719556e+01,1.361415852134758495e+02
2.639563527595224102e+01,1.361030715966516880e+02
2.583190530977640975e+01,1.360544866059096591e+02
2.526753957526527117e+01,1.359959022666010355e+02
2.470265420253322475e+01,1.359273958728074660e+02
2.413736477943725944e+01,1.358490499409276993e+02
2.357178625239613368e+01,1.357609521596759237e+02
2.300603282796548044e+01,1.356631953365249785e+02
2.244021787525095490e+01,1.355558773406293653e+02
2.187445382923843695e+01,1.354391010422658042e+02
2.130885209512163314e+01,1.353129742488317504e+02
2.074352295370517751e+01,1.351776096374443341e+02
2.017857546796052759e+01,1.350331246841852817e+02
1.961411739081214023e+01,1.348796415900393129e+02
1.905025507422830344e+01,1.347172872035754096e+02
1.848709337969237865e+01,1.345461929404247314e+02
1.792473559012644557e+01,1.343664946996079550e+02
1.736328332334044688e+01,1.341783327767706453e+02
1.680283644707714075e+01,1.339818517743847508e+02
1.624349299572211436e+01,1.337772005089780976e+02
1.568534908874755374e+01,1.335645319154550350e+02
1.512849885095556779e+01,1.333440029485743423e+02
1.457303433458703346e+01,1.331157744816512434e+02
1.401904544335868152e+01,1.328800112025541296e+02
1.346661985849107701e+01,1.326368815070667324e+02
1.291584296678759003e+01,1.323865573896899832e+02
1.236679779082257369e+01,1.321292143319583090e+02
1.181956492129653924e+01,1.318650311883481834e+02
1.127422245161238301e+01,1.315941900698569782e+02
1.073084591472679961e+01,1.313168762253335444e+02
1.018950822232797293e+01,1.310332779206426039e+02
9.650279606388661335e+00,1.307435863157457732e+02
9.113227563143123433e+00,1.304479953397860186e+02
8.578416799532389447e+00,1.301467015642611500e+02
8.045909182162453988e+00,1.298399040743747719e+02
7.515763688815940924e+00,1.295278043386545050e+02
6.988036362557360270e+00,1.292106060769273768e+02
6.462780268468983458e+00,1.288885151267451761e+02
5.940045453052150926e+00,1.285617393083520597e+02
5.419878906327706858e+00,1.282304882882888819e+02
4.902324526665418958e+00,1.278949734417288226e+02
4.387423088371858348e+00,1.275554077136411877e+02
3.875212212062089989e+00,1.272120054788788366e+02
3.365726337839953342e+00,1.268649824012880885e+02
2.858996701308351263e+00,1.265145552919388905e+02
2.355051312428682042e+00,1.261609419665738159e+02
1.853914937247244099e+00,1.258043611023760064e+02
1.355609082502532869e+00,1.254450320941558630e+02
8.601519831265528326e-01,1.250831749100565418e+02
3.675585926499478906e-01,1.247190099468795665e+02
-1.221594234816269081e-01,1.243527578851310977e+02
-6.089936916738464268e-01,1.239846395438906512e+02
-1.092939131030664424e+00,1.236148757356028227e+02
-1.573993951280386883e+00,1.232436871208942790e+02
-2.052159647783506458e+00,1.228712940635169133e+02
-2.527440993625758470e+00,1.224979164855186156e+02
-2.999846028803207165e+00,1.221237737227428681e+02
-3.469386046508507793e+00,1.217490843807577363e+02
-3.936075576528939912e+00,1.213740661913156202e+02
-4.399932365770603759e+00,1.209989358694428603e+02
-4.860977355923909116e+00,1.206239089712599792e+02
-5.319234658289406781e+00,1.202491997526313270e+02
-5.774731525783884045e+00,1.198750210287424238e+02
-6.227498322149873644e+00,1.195015840347038250e+02
-6.677568488393972324e+00,1.191290982872778983e+02
-7.124978506480723617e+00,1.187577714478250783e+02
-7.569767860312532903e+00,1.183878091865657183e+02
-8.011978994026605960e+00,1.180194150482510480e+02
-8.451657267643819083e+00,1.176527903193377824e+02
-8.888850910105015046e+00,1.172881338967580547e+02
-9.323610969733385545e+00,1.169256421583765899e+02
-9.755991262163597355e+00,1.165655088352246338e+02
-1.018604831577957981e+01,1.162079248855999083e+02
-1.061384131470625114e+01,1.158530783711195369e+02
-1.103943203940116291e+01,1.155011543348124974e+02
-1.146288480489477912e+01,1.151523346813356312e+02
-1.188426639673015650e+01,1.148067980593966979e+02
-1.230364600465372327e+01,1.144647197464653061e+02
-1.272109515411208847e+01,1.141262715358521547e+02
-1.313668763561015673e+01,1.137916216262340043e+02
-1.355049943198901552e+01,1.134609345137010763e+02
-1.396260864368248988e+01,1.131343708864010296e+02
-1.437309541201375573e+01,1.128120875218525754e+02
-1.478204184059499227e+01,1.124942371869984044e+02
-1.518953191489388033e+01,1.121809685410674149e+02
-1.559565142003348193e+01,1.118724260413115701e+02
-1.600048785689209652e+01,1.115687498516829521e+02
-1.640413035657261887e+01,1.112700757545127033e+02
-1.680666959331090027e+01,1.109765350652526905e+02
-1.720819769589469672e+01,1.106882545503375326e+02
-1.760880815766627094e+01,1.104053563482228526e+02
-1.800859574518181816e+01,1.101279578936537575e+02
-1.840765640560341510e+01,1.098561718452137228e+02
-1.880608717289908327e+01,1.095901060162036771e+02
-1.920398607292827009e+01,1.093298633088973730e+02
-1.960145202749093229e+01,1.090755416522163586e+02
-1.999858475741882202e+01,1.088272339428673661e+02
-2.039548468478924903e+01,1.085850279899797926e+02
-2.079225283434131910e+01,1.083490064632807304e+02
-2.118899073417652801e+01,1.081192468448409016e+02
-2.158580031582507885e+01,1.078958213844231580e+02
-2.198278381376071522e+01,1.076787970584623650e+02
-2.238004366444712190e+01,1.074682355327023089e+02
-2.277768240499903385e+01,1.072641931285140942e+02
-2.317580257154237700e+01,1.070667207929161009e+02
-2.357450659735690479e+01,1.068758640723138171e+02
-2.397389671088663832e+01,1.066916630899757905e+02
-2.437407483370179406e+01,1.065141525272575507e+02
-2.477514247849743612e+01,1.063433616085846438e+02
-2.517720064721366313e+01,1.061793140902014585e+02
-2.558034972936150808e+01,1.060220282526911575e+02
-2.598468940063998289e+01,1.058715168972686627e+02
-2.639031852192806582e+01,1.057277873458457833e+02
-2.679733503873626788e+01,1.055908414448656600e+02
-2.720583588120190299e+01,1.054606755729000866e+02
-2.761591686471115636e+01,1.053372806520010414e+02
-2.802767259123196553e+01,1.052206421627953148e+02
-2.844119635143962199e+01,1.051107401633077387e+02
-2.885658002771802089e+01,1.050075493114966605e+02
-2.927391399811760664e+01,1.049110388914818230e+02
-2.969328704135110186e+01,1.048211728434432928e+02
-3.011478624290744222e+01,1.047379097971658979e+02
-3.053849690236257786e+01,1.046612031092028445e+02
-3.096450244196650203e+01,1.045910009036279718e+02
-3.139288431658315659e+01,1.045272461163446422e+02
-3.182372192506057473e+01,1.044698765429165235e+02
-3.225709252310605990e+01,1.044188248898822025e+02
-3.269307113774117823e+01,1.043740188295145401e+02
-3.313173048340976123e+01,1.043353810579820049e+02
-3.357314087981053063e+01,1.043028293568673206e+02
-3.401737017152549214e+01,1.042762766579963909e+02
-3.446448364951304910e+01,1.042556311115281034e+02
-3.491454397453373559e+01,1.042407961572531292e+02
-3.536761110257548779e+01,1.042316705990478738e+02
-3.582374221234263700e+01,1.042281486824272605e+02
-3.628299163487282186e+01,1.042301201751380120e+02
-3.674541078534275584e+01,1.042374704507318484e+02
-3.721104809712370098e+01,1.042500805750558897e+02
-3.767994895814440071e+01,1.042678273955958872e+02
-3.815215564961838624e+01,1.042905836336052516e+02
-3.862770728719059576e+01,1.043182179789515374e+02
-3.910663976455572310e+01,1.043505951876098123e+02
-3.958898569960000913e+01,1.043875761817304664e+02
-4.007477438311497053e+01,1.044290181522075898e+02
-4.056403173013070074e+01,1.044747746636717807e+02
-4.105678023391354969e+01,1.045246957618300456e+02
-4.155303892267112786e+01,1.045786280830737098e+02
-4.205282331900618686e+01,1.046364149662732359e+02
-4.255614540215733399e+01,1.046978965666784802e+02
-4.306301357306423938e+01,1.047629099718400028e+02
-4.357343262229077396e+01,1.048312893194669329e+02
-4.408740370083948079e+01,1.049028659171349176e+02
-4.460492429388639124e+01,1.049774683637566000e+02
-4.512598819746448697e+01,1.050549226727258372e+02
-4.565058549812134459e+01,1.051350523966460173e+02
-4.617870255557364345e+01,1.052176787535513824e+02
-4.671032198837995963e+01,1.053026207545296131e+02
-4.724542266264963075e+01,1.053896953326526500e+02
-4.778397968380416216e+01,1.054787174731225434e+02
-4.832596439140510114e+01,1.055695003445376017e+02
-4.887134435705900870e+01,1.056618554311838238e+02
-4.942008338540869516e+01,1.057555926662558647e+02
-4.997214151821776085e+01,1.058505205659113670e+02
-5.052747504155136227e+01,1.059464463640616003e+02
-5.108603649605554864e+01,1.060431761478014749e+02
-5.164777469033429469e+01,1.061405149933812595e+02
-5.221263471742029338e+01,1.062382671026219754e+02
-5.278055797433490426e+01,1.063362359396768682e+02
-5.335148218472782844e+01,1.064342243680403186e+02
-5.392534142458672619e+01,1.065320347877062659e+02
-5.450206615100344010e+01,1.066294692723777615e+02
-5.508158323398120615e+01,1.067263297066295564e+02
-5.566381599126567181e+01,1.068224179229258937e+02
-5.624868422617824137e+01,1.069175358383953949e+02
-5.683610426843025465e+01,1.070114855912659380e+02
-5.742598901789200028e+01,1.071040696768623803e+02
-5.801824799129011723e+01,1.071950910830702242e+02
-5.861278737180259668e+01,1.072843534251694706e+02
-5.920951006152009199e+01,1.073716610799427968e+02
-5.980831573673889778e+01,1.074568193189634684e+02
-6.040910090604854332e+01,1.075396344409683707e+02
-6.101175897117635571e+01,1.076199139032234626e+02
-6.161618029054626788e+01,1.076974664517884577e+02
-6.222225224550960831e+01,1.077721022505893558e+02
-6.282985930920239070e+01,1.078436330092085740e+02
-6.343888311798080792e+01,1.079118721093026920e+02
-6.404920254538630786e+01,1.079766347295593505e+02
-6.466069377858750045e+01,1.080377379691066295e+02
-6.527323039724564069e+01,1.080950009692883498e+02
-6.588668345474830801e+01,1.081482450337209826e+02
-6.650092156175213631e+01,1.081972937465482971e+02
-6.711581097197763768e+01,1.082419730888131681e+02
-6.773121567019170186e+01,1.082821115528645635e+02
-6.834699746231673601e+01,1.083175402547217914e+02
-6.896301606760022196e+01,1.083480930443192989e+02
-6.957912921277903706e+01,1.083736066135550118e+02
-7.019519272816896205e+01,1.083939206020696986e+02
-7.081106064561015501e+01,1.084088777006848545e+02
-7.142658529819708235e+01,1.084183237524287193e+02
-7.204161742171910987e+01,1.084221078510821883e+02
-7.265600625773856791e+01,1.084200824371783511e+02
-7.326959965822865684e+01,1.084121033913906587e+02
-7.388224419169557677e+01,1.083980301252481979e+02
-7.449378525070498824e+01,1.083777256691162876e+02
-7.510406716073404709e+01,1.083510567573856491e+02
-7.571293329026777030e+01,1.083178939108127565e+02
-7.632022616205713916e+01,1.082781115159578320e+02
-7.692578756545673002e+01,1.082315879016689166e+02
-7.752945866975727540e+01,1.081782054125621215e+02
-7.813108013842803246e+01,1.081178504794511781e+02
-7.873049224418402048e+01,1.080504136866808977e+02
-7.932753498479021914e+01,1.079757898363226332e+02
-7.992204819951643913e+01,1.078938780091909280e+02
-8.051387168615389101e+01,1.078045816226438234e+02
-8.110284531850639667e+01,1.077078084851319772e+02
-8.168880916426510908e+01,1.076034708474625461e+02
-8.227160360317876098e+01,1.074914854507486126e+02
-8.285106944542870622e+01,1.073717735710154955e+02
-8.342704805011857161e+01,1.072442610604390438e+02
-8.399938144378833726e+01,1.071088783851923978e+02
-8.456791243886165432e+01,1.069655606598816036e+02
-8.513248475193555009e+01,1.068142476785518227e+02
-8.569294312182245221e+01,1.066548839422492989e+02
-8.624913342725207599e+01,1.064874186831259095e+02
-8.680090280414459869e+01,1.063118058850770495e+02
-8.734809976236233808e+01,1.061280043009045642e+02
-8.789057430185104636e+01,1.059359774660003808e+02
-8.842817802807981309e+01,1.057356937085485953e+02
-8.896076426669117154e+01,1.055271261562458420e+02
-8.948818817727025987e+01,1.053102527395433725e+02
-9.001030686614608101e+01,1.050850561914159300e+02
-9.052697949813568812e+01,1.048515240436657905e+02
-9.103806740714379941e+01,1.046096486197723010e+02
-9.154343420553183819e+01,1.043594270243001034e+02
-9.204294589216920031e+01,1.041008611288818884e+02
-9.253647095908237930e+01,1.038339575547938267e+02
-9.302388049661747971e+01,1.035587276521443840e+02
-9.350504829703248788e+01,1.032751874756997950e+02
-9.397985095643784348e+01,1.029833577573716781e+02
-9.444816797500295991e+01,1.026832638753951272e+02
-9.490988185534978072e+01,1.023749358202279609e+02
-9.536487819905411811e+01,1.020584081572035444e+02
-9.581304580117705427e+01,1.017337199859732664e+02
-9.625427674275124446e+01,1.014009148967753760e+02
-9.668846648114609366e+01,1.010600409235711510e+02
-9.711551393823960154e+01,1.007111504940897930e+02
-9.753532158632444293e+01,1.003543003768271262e+02
-9.794779553167916220e+01,9.998955162504424266e+01
-9.835284559573447893e+01,9.961696951781541998e+01
-9.875038539376934921e+01,9.923662349817605843e+01
-9.914033241107078709e+01,9.884858710842348728e+01
-9.952260807649452090e+01,9.845293792262640409e+01
-9.989713783336533481e+01,9.804975747639900874e+01
-1.002638512076567849e+02,9.763913119399984453e+01
-1.006226818733935318e+02,9.722114831281591307e+01
-1.009735677152202840e+02,9.679590180529461918e+01
-1.013164508880836223e+02,9.636348829838884456e+01
-1.016512778739758289e+02,9.592400799058056293e+01
-1.019779995356905999e+02,9.547756456655204715e+01
-1.022965711675439167e+02,9.502426510957383243e+01
-1.026069525430148701e+02,9.456422001168077429e+01
-1.029091079592636646e+02,9.409754288170962866e+01
-1.032030062784862281e+02,9.362435045127124056e+01
-1.034886209660675149e+02,9.314476247873496106e+01
-1.037659301254967801e+02,9.265890165130042533e+01
-1.040349165300124383e+02,9.216689348523721037e+01
-1.042955676509443919e+02,9.166886622436982179e+01
-1.045478756827255324e+02,9.116495073689092976e+01
-1.047918375645460287e+02,9.065528041058355768e+01
-1.050274549986267658e+02,9.013999104653585448e+01
-1.052547344650899390e+02,8.961922075143220923e+01
-1.054736872334090094e+02,8.909310982850577432e+01
-1.056843293704206985e+02,8.856180066723833022e+01
-1.058866817448857205e+02,8.802543763189412118e+01
-1.060807700285869402e+02,8.748416694897449020e+01
-1.062666246939562171e+02,8.693813659368261426e+01
-1.064442810082240101e+02,8.638749617548499771e+01
-1.066137790240877763e+02,8.583239682286088623e+01
-1.067751635668987262e+02,8.527299106732778000e+01
-1.069284842183682827e+02,8.470943272683372527e+01
-1.070737952967983233e+02,8.414187678860653818e+01
-1.072111558338424828e+02,8.357047929154988708e+01
-1.073406295478074242e+02,8.299539720827840483e+01
-1.074622848135065141e+02,8.241678832688097600e+01
-1.075761946286797297e+02,8.183481113250455508e+01
-1.076824365769981853e+02,8.124962468884811528e+01
-1.077810927876713265e+02,8.066138851965845902e+01
-1.078722498916806671e+02,8.007026249031798670e+01
-1.079559989746635580e+02,7.947640668961498989e+01
-1.080324355264748561e+02,7.887998131178632377e+01
-1.081016593874565643e+02,7.828114653892218655e+01
-1.081637746914468039e+02,7.768006242382253390e+01
-1.082188898055639896e+02,7.707688877339342071e+01
-1.082671172668022876e+02,7.647178503267188887e+01
-1.083085737154786869e+02,7.586491016956657063e+01
-1.083433798255735638e+02,7.525642256040076461e+01
-1.083716602320085940e+02,7.464647987634454296e+01
-1.083935434549091639e+02,7.403523897082048677e+01
-1.084091618209000814e+02,7.342285576796766122e+01
-1.084186513814858017e+02,7.280948515224756079e+01
-1.084221518285683175e+02,7.219528085927282746e+01
-1.084198064071589442e+02,7.158039536794211699e+01
-1.084117618253413866e+02,7.096497979395957145e+01
-1.083981681615457262e+02,7.034918378481839341e+01
-1.083791787691958177e+02,6.973315541632562997e+01
-1.083549501787939988e+02,6.911704109074531743e+01
-1.083256419975086118e+02,6.850098543663395390e+01
-1.082914168063324780e+02,6.788513121044199750e+01
-1.082524400548825696e+02,6.726961919995395078e+01
-1.082088799539116479e+02,6.665458812963606761e+01
-1.081609073656058371e+02,6.604017456796191254e+01
-1.081086956917429660e+02,6.542651283678200969e+01
-1.080524207597888875e+02,6.481373492280330595e+01
-1.079922607070095637e+02,6.420197039124232674e+01
-1.079283958626793662e+02,6.359134630171299563e+01
-1.078610086284670047e+02,6.298198712641065811e+01
-1.077902833570819894e+02,6.237401467064918137e+01
-1.077164062292657150e+02,6.176754799580776023e+01
-1.076395651292133380e+02,6.116270334474226900e+01
-1.075599495185129939e+02,6.055959406971204828e+01
-1.074777503086903749e+02,5.995833056287383300e+01
-1.073931597324484102e+02,5.935902018938992342e+01
-1.073063712136920032e+02,5.876176722319730317e+01
-1.072175792364292164e+02,5.816667278548039377e+01
-1.071269792126412739e+02,5.757383478589068915e+01
-1.070347673492147749e+02,5.698334786655149031e+01
-1.069411405140295983e+02,5.639530334888538476e+01
-1.068462961012973977e+02,5.580978918329962113e+01
-1.067504318962466385e+02,5.522688990176128954e+01
-1.066537459392492764e+02,5.464668657329374923e+01
-1.065564363894859099e+02,5.406925676242111933e+01
-1.064587013882470643e+02,5.349467449058753488e+01
-1.063607389219667851e+02,5.292301020057377769e+01
-1.062627466850871656e+02,5.235433072393203702e+01
-1.061649219428510662e+02,5.178869925145799158e+01
-1.060674613941221338e+02,5.122617530671585229e+01
-1.059705610343290374e+02,5.066681472262984443e+01
-1.058744160186329140e+02,5.011066962115384626e+01
-1.057792205254164060e+02,4.955778839602731267e+01
-1.056851676201917201e+02,4.900821569862458915e+01
-1.055924491200260604e+02,4.846199242690092035e+01
-1.055012554585820510e+02,4.791915571743714963e+01
-1.054117755518702069e+02,4.737973894058126945e+01
-1.053241966648105290e+02,4.684377169868452739e+01
-1.052387042786997995e+02,4.631127982742552263e+01
-1.051554819596800598e+02,4.578228540021399340e+01
-1.050747112283040252e+02,4.525680673566431977e+01
-1.049965714302913113e+02,4.473485840812434589e+01
-1.049212396085704029e+02,4.421645126124565905e+01
-1.048488903766982361e+02,4.370159242457620508e+01
-1.047796957937499798e+02,4.319028533315547946e+01
-1.047138252407705892e+02,4.268252975009010441e+01
-1.046514452988772348e+02,4.217832179208387089e+01
-1.045927196291027172e+02,4.167765395789631810e+01
-1.045378088540666255e+02,4.118051515969942500e+01
-1.044868704415622602e+02,4.068689075730126348e+01
-1.044400585901428826e+02,4.019676259520252160e+01
-1.043975241167930079e+02,3.971010904244928952e+01
-1.043594143467659876e+02,3.922690503524474792e+01
-1.043258730056697630e+02,3.874712212227849051e+01
-1.042970401138797030e+02,3.827072851273148757e+01
-1.042730518833573257e+02,3.779768912691156402e+01
-1.042540406169499647e+02,3.732796564947327056e+01
-1.042401346102471535e+02,3.686151658517338348e+01
-1.042314580560656907e+02,3.639829731711115812e+01
-1.042281309516346255e+02,3.593826016740153761e+01
-1.042302690085495129e+02,3.548135446022592987e+01
-1.042379835655623310e+02,3.502752658720561385e+01
-1.042513815042733398e+02,3.457672007503895628e+01
-1.042705651677868559e+02,3.412887565534304457e+01
-1.042956322823928019e+02,3.368393133663866479e+01
-1.043266758823328644e+02,3.324182247841504534e+01
-1.043637842377074918e+02,3.280248186721037484e+01
-1.044070407855792268e+02,3.236583979464190008e+01
-1.044565240643234176e+02,3.193182413731790703e+01
-1.045123076512779505e+02,3.150036043856249890e+01
-1.045744601037379056e+02,3.107137199188327870e+01
-1.046430449033419734e+02,3.064477992610992274e+01
-1.047181204038925557e+02,3.022050329213084652e+01
-1.047997397826505619e+02,2.979845915115413391e+01
-1.048879509951427025e+02,2.937856266441679409e+01
-1.049827967335168211e+02,2.896072718426708903e+01
-1.050843143884783473e+02,2.854486434654179305e+01
-1.051925360148382964e+02,2.813088416416051274e+01
-1.053074883007005980e+02,2.771869512185805462e+01
-1.054291925403143892e+02,2.730820427197425460e+01
-1.055576646106133296e+02,2.689931733122144664e+01
-1.056929149514627682e+02,2.649193877834747113e+01
-1.058349485496315481e+02,2.608597195261246426e+01
-1.059837649265033974e+02,2.568131915299688828e+01
-1.061393581295402413e+02,2.527788173805723204e+01
-1.063017167275063883e+02,2.487556022634653274e+01
-1.064708238094605974e+02,2.447425439731522800e+01
-1.066466569875198473e+02,2.407386339260859032e+01
-1.068291884033963726e+02,2.367428581767558171e+01
-1.070183847387063025e+02,2.327541984360544802e+01
-1.072142072290457548e+02,2.287716330910657447e+01
-1.074166116818280727e+02,2.247941382254317944e+01
-1.076255484978718471e+02,2.208206886394527046e+01
-1.078409626967286101e+02,2.168502588690657973e+01
-1.080627939457342563e+02,2.128818242028694740e+01
-1.082909765927674499e+02,2.089143616963427874e+01
-1.085254397026940865e+02,2.049468511824220940e+01
-1.087661070974756683e+02,2.009782762776044862e+01
-1.090128973999156159e+02,1.970076253827372881e+01
-1.092657240810154633e+02,1.930338926776772723e+01
-1.095244955109100999e+02,1.890560791089928827e+01
-1.097891150133494733e+02,1.850731933698964582e+01
-1.100594809236893497e+02,1.810842528716011657e+01
-1.103354866503550227e+02,1.770882847052973119e+01
-1.106170207397345564e+02,1.730843265939633469e+01
-1.109039669444603788e+02,1.690714278332232468e+01
-1.111962042950317482e+02,1.650486502204807593e+01
-1.114936071747315509e+02,1.610150689715615258e+01
-1.117960453977849085e+02,1.569697736241167263e+01
-1.121033842907083766e+02,1.529118689270428533e+01
-1.124154847767937895e+02,1.488404757151877789e+01
-1.127322034636687107e+02,1.447547317686288260e+01
-1.130533927338750999e+02,1.406537926558116780e+01
-1.133789008384031689e+02,1.365368325598681842e+01
-1.137085719931168768e+02,1.324030450874288789e+01
-1.140422464780046852e+02,1.282516440592703155e+01
-1.143797607391879154e+02,1.240818642821529671e+01
-1.147209474936160944e+02,1.198929623012096002e+01
-1.150656358363772256e+02,1.156842171322792368e+01
-1.154136513505493014e+02,1.114549309735801152e+01
-1.157648162195169448e+02,1.072044298961416153e+01
-1.161189493416757159e+02,1.029320645124342626e+01
-1.164758664474446590e+02,9.863721062264254158e+00
-1.168353802185064865e+02,9.431926983806386389e+00
-1.171973004091918114e+02,8.997767018111462178e+00
-1.175614339699243232e+02,8.561186666146094026e+00
-1.179275851726409883e+02,8.122134182779433331e+00
-1.182955557380998783e+02,7.680560629481250068e+00
-1.186651449649868937e+02,7.236419924496645173e+00
-1.190361498607327491e+02,6.789668890456789896e+00
-1.194083652739483199e+02,6.340267299387019939e+00
-1.197815840283860069e+02,5.888177915074741975e+00
-1.201555970583350046e+02,5.433366532763668211e+00
-1.205301935453546065e+02,4.975802016141120276e+00
-1.209051610562520125e+02,4.515456331588524996e+00
-1.212802856822061557e+02,4.052304579667327822e+00
-1.216553521789437156e+02,3.586325023813903279e+00
-1.220301441078660361e+02,3.117499116220985300e+00
-1.224044439780313382e+02,2.645811520883746493e+00
-1.227780333888913589e+02,2.171250133791906567e+00
-1.231506931736838908e+02,1.693806100251638025e+00
-1.235222035433802574e+02,1.213473829322269548e+00
-1.238923442310879039e+02,7.302510053570347992e-01
-1.242608946368070946e+02,2.441385966375214933e-01
-1.246276339724398241e+02,-2.448591389046436695e-01
-1.249923414069513683e+02,-7.367346508844944131e-01
-1.253547962115813874e+02,-1.231477096580088304e+00
-1.257147779050041976e+02,-1.729072343969352721e+00
-1.260720663983361192e+02,-2.229502977684762133e+00
-1.264264421398894171e+02,-2.732748307880822125e+00
-1.267776862595711265e+02,-3.238784382008068619e+00
-1.271255807128260642e+02,-3.747583999482996919e+00
-1.274699084240236999e+02,-4.259116729242899524e+00
-1.278104534291887262e+02,-4.773348930171171567e+00
-1.281470010179753274e+02,-5.290243774376244268e+00
-1.284793378747866370e+02,-5.809761273306186524e+00
-1.288072522189409312e+02,-6.331858306676675596e+00
-1.291305339437857924e+02,-6.856488654189707432e+00
-1.294489747546646470e+02,-7.383603030017100721e+00
-1.297623683056382902e+02,-7.913149120020484872e+00
-1.300705103348675209e+02,-8.445071621678495788e+00
-1.303731987985603666e+02,-8.979312286687502365e+00
-1.306702340033931762e+02,-9.515809966202326109e+00
-1.309614187373116465e+02,-1.005450065867943010e+01
-1.312465583986214313e+02,-1.059531756028463789e+01
-1.315254611232785464e+02,-1.113819111782326488e+01
-1.317979379102908695e+02,-1.168304908415050036e+01
-1.320638027451446703e+02,-1.222981657601671479e+01
-1.323228727211681246e+02,-1.277841613430020828e+01
-1.325749681587510338e+02,-1.332876778657949934e+01
-1.328199127223348910e+02,-1.388078911199277243e+01
-1.330575335350948194e+02,-1.443439530833279072e+01
-1.332876612912318706e+02,-1.498949926132213761e+01
-1.335101303658003644e+02,-1.554601161601219061e+01
-1.337247789219922822e+02,-1.610384085024841738e+01
-1.339314490158061801e+02,-1.666289335014092643e+01
-1.341299866980281195e+02,-1.722307348747974132e+01
-1.343202421134539293e+02,-1.778428369903073047e+01
-1.345020695972857254e+02,-1.834642456764866125e+01
-1.346753277686355830e+02,-1.890939490513970611e+01
-1.348398796210729245e+02,-1.947309183680678402e+01
-1.349955926101531531e+02,-2.003741088760817135e+01
-1.351423387378686982e+02,-2.060224606985881479e+01
-1.352799946339641508e+02,-2.116748997240333097e+01
-1.354084416340606367e+02,-2.173303385118660103e+01
-1.355275658545365616e+02,-2.229876772114868899e+01
-1.356372582641139388e+02,-2.286458044936848211e+01
-1.357374147521022110e+02,-2.343035984937936078e+01
-1.358279361932536062e+02,-2.399599277658052898e+01
-1.359087285091873412e+02,-2.456136522466452021e+01
-1.359797027263404061e+02,-2.512636242298241385e+01
-1.360407750304081276e+02,-2.569086893476674049e+01
-1.360918668172375305e+02,-2.625476875613080452e+01
-1.361329047401409866e+02,-2.681794541576408974e+01
-1.361638207535983724e+02,-2.738028207524018853e+01
-1.361845521533210785e+02,-2.794166162985593616e+01
-1.361950416126508685e+02,-2.850196680991759735e+01
-1.361952372152720443e+02,-2.906108028239174601e+01
-1.361850924842153745e+02,-2.961888475283544864e+01
-1.361645664071375563e+02,-3.017526306752276000e+01
-1.361336234578602671e+02,-3.073009831568244721e+01
-1.360922336141573794e+02,-3.128327393176220639e+01
-1.360403723717799664e+02,-3.183467379763548522e+01
-1.359780207547135262e+02,-3.238418234466503520e+01
-1.359051653216619400e+02,-3.293168465553916491e+01
-1.358217981687579368e+02,-3.347706656579602935e+01
-1.357279169285005764e+02,-3.402021476495100671e+01
-1.356235247649241558e+02,-3.456101689714394354e+01
-1.355086303650051605e+02,-3.509936166122112411e+01
-1.353832479263166704e+02,-3.563513891016926038e+01
-1.352473971409419562e+02,-3.616823974981818424e+01
-1.351011031756629848e+02,-3.669855663672932167e+01
-1.349443966484396924e+02,-3.722598347518862028e+01
-1.347773136012017687e+02,-3.775041571322164202e+01
-1.345998954689743812e+02,-3.827175043755066497e+01
-1.344121890453636468e+02,-3.878988646741350266e+01
-1.342142464444299037e+02,-3.930472444716559721e+01
-1.340061250589786255e+02,-3.981616693758598302e+01
-1.337878875153029128e+02,-4.032411850581085133e+01
-1.335596016244119539e+02,-4.082848581381798425e+01
-1.333213403297847606e+02,-4.132917770538657010e+01
-1.330731816516883157e+02,-4.182610529145929945e+01
-1.328152086281040170e+02,-4.231918203383251154e+01
-1.325475092523077194e+02,-4.280832382710376294e+01
-1.322701764071503021e+02,-4.329344907880619786e+01
-1.319833077960896048e+02,-4.377447878766027856e+01
-1.316870058710254341e+02,-4.425133661987637623e+01
-1.313813777569926060e+02,-4.472394898344093406e+01
-1.310665351737688127e+02,-4.519224510032250919e+01
-1.307425943544556048e+02,-4.565615707653435607e+01
-1.304096759610948482e+02,-4.611561996999212454e+01
-1.300679049973819019e+02,-4.657057185610752725e+01
-1.297174107185429079e+02,-4.702095389105937073e+01
-1.293583265384412186e+02,-4.746671037268613702e+01
-1.289907899339839616e+02,-4.790778879894563147e+01
-1.286149423468978625e+02,-4.834413992388970627e+01
-1.282309290829489044e+02,-4.877571781110263771e+01
-1.278388992086787113e+02,-4.920247988455525956e+01
-1.274390054457355319e+02,-4.962438697682789268e+01
-1.270314040628762911e+02,-5.004140337465736366e+01
-1.266162547657201856e+02,-5.045349686176616899e+01
-1.261937205843347698e+02,-5.086063875893255926e+01
-1.257639677587365270e+02,-5.126280396126362859e+01
-1.253271656223908082e+02,-5.165997097263543480e+01
-1.248834864837957781e+02,-5.205212193726579528e+01
-1.244331055062369416e+02,-5.243924266838851622e+01
-1.239762005858006404e+02,-5.282132267399907732e+01
-1.235129522277352692e+02,-5.319835517964501292e+01
-1.230435434212502628e+02,-5.357033714823596426e+01
-1.225681595128438062e+02,-5.393726929685040261e+01
-1.220869880782520198e+02,-5.429915611051997359e+01
-1.216002187931117788e+02,-5.465600585297207203e+01
-1.211080433024317955e+02,-5.500783057431638667e+01
-1.206106550889661122e+02,-5.535464611566153081e+01
-1.201082493405851324e+02,-5.569647211065187520e+01
-1.196010228167402403e+02,-5.603333198391528214e+01
-1.190891737141190561e+02,-5.636525294641688077e+01
-1.185729015315870072e+02,-5.669226598771486891e+01
-1.180524069345136837e+02,-5.701440586511741770e+01
-1.175278916185803126e+02,-5.733171108974251240e+01
-1.169995581731683103e+02,-5.764422390948430319e+01
-1.164676099444244954e+02,-5.795199028889222603e+01
-1.159322508981029785e+02,-5.825505988597203100e+01
-1.153936854822817679e+02,-5.855348602591961082e+01
-1.148521184900506853e+02,-5.884732567180162022e+01
-1.143077549222714708e+02,-5.913663939219862442e+01
-1.137607998505049807e+02,-5.942149132582920146e+01
-1.132114582802060028e+02,-5.970194914317665535e+01
-1.126599350142807623e+02,-5.997808400514019667e+01
-1.121064345171053134e+02,-6.024997051873795328e+01
-1.115511607791012381e+02,-6.051768668988825794e+01
-1.109943171819642345e+02,-6.078131387330053315e+01
-1.104361063646415602e+02,-6.104093671950778344e+01
-1.098767300901521367e+02,-6.129664311907646379e+01
-1.093163891133444992e+02,-6.154852414402984095e+01
-1.087552830496845928e+02,-6.179667398652510002e+01
-1.081936102451667239e+02,-6.204118989482567059e+01
-1.076315676474383451e+02,-6.228217210661227909e+01
-1.070693506782290711e+02,-6.251972377967935302e+01
-1.065071531071733375e+02,-6.275395092006402820e+01
-1.059451669271153236e+02,-6.298496230765897508e+01
-1.053835822309819861e+02,-6.321286941936033088e+01
-1.048225870903108330e+02,-6.343778634980540687e+01
-1.042623674355161825e+02,-6.365982972975685783e+01
-1.037031069379771537e+02,-6.387911864219046976e+01
-1.031449868940288752e+02,-6.409577453614734566e+01
-1.025881861109363200e+02,-6.430992113841212188e+01
-1.020328807949308896e+02,-6.452168436308103594e+01
-1.014792444413834716e+02,-6.473119221908494580e+01
-1.009274477271928134e+02,-6.493857471573491580e+01
-1.003776584054594281e+02,-6.514396376635868080e+01
-9.983004120251892743e+01,-6.534749309009858109e+01
-9.928475771740244227e+01,-6.554929811194296008e+01
-9.874196632379440075e+01,-6.574951586106446655e+01
-9.820182207455162882e+01,-6.594828486753986851e+01
-9.766447660884847437e+01,-6.614574505752783296e+01
-9.713007806201069627e+01,-6.634203764698239070e+01
-9.659877097809616942e+01,-6.653730503398067242e+01
-9.607069622528221942e+01,-6.673169068974500817e+01
-9.554599091411363077e+01,-6.692533904844076176e+01
-9.502478831866586972e+01,-6.711839539583223768e+01
-9.450721780067416944e+01,-6.731100575687950993e+01
-9.399340473667712104e+01,-6.750331678236132404e+01
-9.348347044822246232e+01,-6.769547563460839967e+01
-9.297753213517837878e+01,-6.788762987243366354e+01
-9.247570281219280730e+01,-6.807992733534625529e+01
-9.197809124834027728e+01,-6.827251602713631939e+01
-9.148480190999323725e+01,-6.846554399891964238e+01
-9.099593490695268372e+01,-6.865915923172974544e+01
-9.051158594187087658e+01,-6.885350951874775660e+01
-9.003184626299517390e+01,-6.904874234725892279e+01
-8.955680262026038463e+01,-6.924500478042628515e+01
-8.908653722475487768e+01,-6.944244333897162846e+01
-8.862112771158274427e+01,-6.964120388285445529e+01
-8.816064710614064381e+01,-6.984143149303976372e+01
-8.770516379382794980e+01,-7.004327035344508090e+01
-8.725474149320342576e+01,-7.024686363315839799e+01
-8.680943923260142014e+01,-7.045235336901706091e+01
-8.636931133021626295e+01,-7.065988034863866574e+01
-8.593440737766213999e+01,-7.086958399399476605e+01
-8.550477222701270819e+01,-7.108160224561713392e+01
-8.508044598132119063e+01,-7.129607144752712600e+01
-8.466146398862157696e+01,-7.151312623297729942e+01
-8.424785683940584136e+01,-7.173289941109464962e+01
-8.383965036757220446e+01,-7.195552185451383309e+01
-8.343686565483477580e+01,-7.218112238808893721e+01
-8.303951903858447281e+01,-7.240982767877041226e+01
-8.264762212318625245e+01,-7.264176212673426392e+01
-8.226118179469709446e+01,-7.287704775784932565e+01
-8.188020023898610589e+01,-7.311580411756733611e+01
-8.150467496323392425e+01,-7.335814816632004920e+01
-8.113459882078976193e+01,-7.360419417650645357e+01
-8.076996003935792601e+01,-7.385405363115181387e+01
-8.041074225248623009e+01,-7.410783512431993358e+01
-8.005692453432460809e+01,-7.436564426335749545e+01
-7.970848143762037807e+01,-7.462758357305006029e+01
-7.936538303491462898e+01,-7.489375240176575232e+01
-7.902759496290128993e+01,-7.516424682966302839e+01
-7.869507846990811117e+01,-7.543915957903681146e+01
-7.836779046645732194e+01,-7.571857992687559147e+01
-7.804568357886030583e+01,-7.600259361970131522e+01
-7.772870620579955414e+01,-7.629128279076107333e+01
-7.741680257784835817e+01,-7.658472587963950673e+01
-7.710991281987676871e+01,-7.688299755435737382e+01
-7.680797301628999207e+01,-7.718616863602187550e+01
-7.651091527904424083e+01,-7.749430602609079699e+01
-7.621866781838171789e+01,-7.780747263631162980e+01
-7.593115501622584418e+01,-7.812572732139497589e+01
-7.564829750217498372e+01,-7.844912481447892105e+01
-7.537001223203125733e+01,-7.877771566543981407e+01
-7.509621256879975704e+01,-7.911154618210224498e+01
-7.482680836609121400e+01,-7.945065837439940992e+01
-7.456170605385946715e+01,-7.979508990153257741e+01
-7.430080872640378686e+01,-8.014487402217602607e+01
-7.404401623256434561e+01,-8.050003954777295689e+01
-7.379122526803726601e+01,-8.086061079896312265e+01
-7.354232946973516505e+01,-8.122660756518340008e+01
-7.329721951211638498e+01,-8.159804506747829578e+01
-7.305578320540608672e+01,-8.197493392455577066e+01
-7.281790559562963949e+01,-8.235728012212167926e+01
-7.258346906637930829e+01,-8.274508498552283697e+01
-7.235235344223224274e+01,-8.313834515572732187e+01
-7.212443609373808329e+01,-8.353705256866710727e+01
-7.189959204389218428e+01,-8.394119443796748214e+01
-7.167769407601116427e+01,-8.435075324108171912e+01
-7.145861284292489302e+01,-8.476570670885196535e+01
-7.124221697739855585e+01,-8.518602781851015493e+01
-7.102837320369930296e+01,-8.561168479013204546e+01
-7.081694645021843826e+01,-8.604264108655685561e+01
-7.060779996306196438e+01,-8.647885541677771926e+01
-7.040079542052059480e+01,-8.692028174281121267e+01
-7.019579304832922162e+01,-8.736686929004713420e+01
-6.999265173562773157e+01,-8.781856256107892023e+01
-6.979122915153095619e+01,-8.827530135301360303e+01
-6.959138186221974820e+01,-8.873702077825461743e+01
-6.939296544846045833e+01,-8.920365128875178584e+01
-6.919583462346344049e+01,-8.967511870370773863e+01
-6.899984335098930899e+01,-9.015134424072684283e+01
-6.880484496361185620e+01,-9.063224455039453176e+01
-6.861069228104722129e+01,-9.111773175426559135e+01
-6.841723772845811880e+01,-9.160771348624383847e+01
-6.822433345464281729e+01,-9.210209293732958713e+01
-6.803183145001891319e+01,-9.260076890370781655e+01
-6.783958366431114939e+01,-9.310363583815272648e+01
-6.764744212385467392e+01,-9.361058390471397672e+01
-6.745525904842361342e+01,-9.412149903665516604e+01
-6.726288696749703888e+01,-9.463626299760782956e+01
-6.707017883587444373e+01,-9.515475344590231543e+01
-6.687698814855252749e+01,-9.567684400203710027e+01
-6.668316905477753664e+01,-9.620240431924337088e+01
-6.648857647118717296e+01,-9.673130015709845964e+01
-6.629306619395633504e+01,-9.726339345814383819e+01
-6.609649500986409976e+01,-9.779854242745511783e+01
-6.589872080619709038e+01,-9.833660161511423325e+01
-6.569960267940852816e+01,-9.887742200152980843e+01
-6.549900104245175214e+01,-9.942085108554734063e+01
-6.529677773070781654e+01,-9.996673297529461877e+01
-6.509279610642961700e+01,-1.005149084816978444e+02
-6.488692116162441437e+01,-1.010652152146095091e+02
-6.467901961929909760e+01,-1.016174876814815065e+02
-6.446896003299443123e+01,-1.021715573885170301e+02
-6.425661288453359532e+01,-1.027272529442346922e+02
-6.404185067991538460e+01,-1.032844001653718919e+02
-6.382454804328053655e+01,-1.038428221850578126e+02
-6.360458180888350910e+01,-1.044023395631815703e+02
-6.338183111100332923e+01,-1.049627703988781064e+02
-6.315617747172736074e+01,-1.055239304450581699e+02
-6.292750488654627361e+01,-1.060856332248998086e+02
-6.269569990769746681e+01,-1.066476901502235677e+02
-6.246065172519799802e+01,-1.072099106416693672e+02
-6.222225224550967937e+01,-1.077721022505892989e+02
-6.198039616777950300e+01,-1.083340707825757363e+02
-6.173498105760314303e+01,-1.088956204225344919e+02
-6.148590741825831429e+01,-1.094565538612190636e+02
-6.123307875935918787e+01,-1.100166724231364981e+02
-6.097640166288443453e+01,-1.105757761957335248e+02
-6.071578584653248356e+01,-1.111336641597763446e+02
-6.045114422436192569e+01,-1.116901343208278661e+02
-6.018239296467497468e+01,-1.122449838417335712e+02
-5.990945154510525583e+01,-1.127980091760209405e+02
-5.963224280487430917e+01,-1.133490062021176357e+02
-5.935069299418046995e+01,-1.138977703582958441e+02
-5.906473182069036199e+01,-1.144440967782441732e+02
-5.877429249310133486e+01,-1.149877804271738739e+02
-5.847931176174834178e+01,-1.155286162383613657e+02
-5.817972995623050281e+01,-1.160663992500291357e+02
-5.787549102003386992e+01,-1.166009247424694024e+02
-5.756654254213020749e+01,-1.171319883753119626e+02
-5.725283578553510466e+01,-1.176593863248369729e+02
-5.693432571280801824e+01,-1.181829154212377802e+02
-5.661097100848304109e+01,-1.187023732857312268e+02
-5.628273409841854402e+01,-1.192175584674211279e+02
-5.594958116605769050e+01,-1.197282705798148044e+02
-5.561148216559530510e+01,-1.202343104368940914e+02
-5.526841083204539018e+01,-1.207354801886450844e+02
-5.492034468821140791e+01,-1.212315834559465770e+02
-5.456726504855828352e+01,-1.217224254647220363e+02
-5.420915701999143721e+01,-1.222078131792575704e+02
-5.384600949954990767e+01,-1.226875554345884183e+02
-5.347781516902030319e+01,-1.231614630678609785e+02
-5.310457048648563472e+01,-1.236293490485718536e+02
-5.272627567482023636e+01,-1.240910286075923352e+02
-5.234293470714825247e+01,-1.245463193648839564e+02
-5.195455528928432898e+01,-1.249950414558104654e+02
-5.156114883917567937e+01,-1.254370176559577033e+02
-5.116273046337116881e+01,-1.258720735043672363e+02
-5.075931893054043087e+01,-1.263000374250960505e+02
-5.035093664207198572e+01,-1.267207408470130048e+02
-4.993760959978113334e+01,-1.271340183217434543e+02
-4.951936737075767780e+01,-1.275397076396778573e+02
-4.909624304939062256e+01,-1.279376499439568562e+02
-4.866827321660444028e+01,-1.283276898423516457e+02
-4.823549789634631679e+01,-1.287096755169555706e+02
-4.779796050936672458e+01,-1.290834588316068618e+02
-4.735570782433364201e+01,-1.294488954369643352e+02
-4.690878990632859313e+01,-1.298058448731563885e+02
-4.645726006276922959e+01,-1.301541706699299823e+02
-4.600117478680833472e+01,-1.304937404442233628e+02
-4.554059369826167369e+01,-1.308244259950913886e+02
-4.507557948211468357e+01,-1.311461033959127747e+02
-4.460619782466620364e+01,-1.314586530838099634e+02
-4.413251734736313381e+01,-1.317619599462159954e+02
-4.365460953838536540e+01,-1.320559134045232099e+02
-4.317254868204228302e+01,-1.323404074947507070e+02
-4.268641178604030273e+01,-1.326153409451708853e+02
-4.219627850668615565e+01,-1.328806172508363090e+02
-4.170223107209167779e+01,-1.331361447449499735e+02
-4.120435420344399802e+01,-1.333818366670266471e+02
-4.070273503441217144e+01,-1.336176112277914285e+02
-4.019746302875701360e+01,-1.338433916707678861e+02
-3.968862989621574400e+01,-1.340591063305079444e+02
-3.917632950673459646e+01,-1.342646886874182712e+02
-3.866065780311971167e+01,-1.344600774191421237e+02
-3.814171271218430093e+01,-1.346452164484553009e+02
-3.761959405446435767e+01,-1.348200549876401908e+02
-3.709440345258094140e+01,-1.349845475793022160e+02
-3.656624423832759163e+01,-1.351386541335960487e+02
-3.603522135855834563e+01,-1.352823399618327755e+02
-3.550144127995951493e+01,-1.354155758064398185e+02
-3.496501189278209409e+01,-1.355383378672494530e+02
-3.442604241361707551e+01,-1.356506078240937825e+02
-3.388464328729646269e+01,-1.357523728556867013e+02
-3.334092608799903701e+01,-1.358436256547763037e+02
-3.279500341964738652e+01,-1.359243644395532726e+02
-3.224698881567636732e+01,-1.359945929613043347e+02
-3.169699663825772262e+01,-1.360543205083017710e+02
-3.114514197706629517e+01,-1.361035619059227031e+02
-3.059154054766892727e+01,-1.361423375129955673e+02
-3.003630858962424455e+01,-1.361706732143724992e+02
-2.947956276437489009e+01,-1.361886004097296166e+02
-2.892142005301828434e+01,-1.361961559986008012e+02
-2.836199765404174755e+01,-1.361933823616514303e+02
-2.780141288110371178e+01,-1.361803273382030000e+02
-2.723978306094933544e+01,-1.361570442000212893e+02
-2.667722543154169301e+01,-1.361235916213831274e+02
-2.611385704049410350e+01,-1.360800336454410626e+02
-2.554979464388848243e+01,-1.360264396469056294e+02
-2.498515460556088996e+01,-1.359628842910694857e+02
-2.442005279693850994e+01,-1.358894474891995117e+02
-2.385460449751174039e+01,-1.358062143503254049e+02
-2.328892429602013792e+01,-1.357132751294560649e+02
-2.272312599243738873e+01,-1.356107251722584408e+02
-2.215732250083259558e+01,-1.354986648562341145e+02
-2.159162575318902100e+01,-1.353771995284339482e+02
-2.102614660426041127e+01,-1.352464394397509579e+02
-2.046099473753997700e+01,-1.351064996758368579e+02
-1.989627857242274800e+01,-1.349575000846872399e+02
-1.933210517263431427e+01,-1.347995652009453806e+02
-1.876858015600229024e+01,-1.346328241669747285e+02
-1.820580760564548939e+01,-1.344574106507549800e+02
-1.764388998265047448e+01,-1.342734627606558035e+02
-1.708292804031063383e+01,-1.340811229571479828e+02
-1.652302073999473464e+01,-1.338805379615111235e+02
-1.596426516871499857e+01,-1.336718586616003108e+02
-1.540675645846333630e+01,-1.334552400147376545e+02
-1.485058770737832923e+01,-1.332308409477929274e+02
-1.429584990281126089e+01,-1.329988242545248625e+02
-1.374263184635065649e+01,-1.327593564902510082e+02
-1.319102008086786348e+01,-1.325126078639205502e+02
-1.264109881964434834e+01,-1.322587521276639677e+02
-1.209294987763535190e+01,-1.319979664638955796e+02
-1.154665260492967960e+01,-1.317304313700473131e+02
-1.100228382245666481e+01,-1.314563305410135285e+02
-1.045991775999393525e+01,-1.311758507493874788e+02
-9.919625996527667411e+00,-1.308891817235740405e+02
-9.381477403010796579e+00,-1.305965160238614260e+02
-8.845538087569355667e+00,-1.302980489165392726e+02
-8.311871343198573570e+00,-1.299939782461499931e+02
-7.780537597992331023e+00,-1.296845043059615250e+02
-7.251594367947753028e+00,-1.293698297067534781e+02
-6.725096212380199390e+00,-1.290501592440053003e+02
-6.201094691988478402e+00,-1.287256997635814741e+02
-5.679638329601381486e+00,-1.283966600260055202e+02
-5.160772573638539917e+00,-1.280632505694179031e+02
-4.644539764316360397e+00,-1.277256835713139793e+02
-4.130979102624293020e+00,-1.273841727091574114e+02
-3.620126622097670221e+00,-1.270389330199662226e+02
-3.112015163411141483e+00,-1.266901807589710387e+02
-2.606674351810387869e+00,-1.263381332574417115e+02
-2.104130577403837243e+00,-1.259830087797838587e+02
-1.604406978327455491e+00,-1.256250263800035043e+02
-1.107523426797359489e+00,-1.252644057576400911e+02
-6.134965180626371639e-01,-1.249013671132702967e+02
-1.223395622644360275e-01,-1.245361310036805662e+02
3.659374207887690633e-01,-1.241689181968123421e+02
8.513277039283831948e-01,-1.237999495265795673e+02
1.333827852012453574e+00,-1.234294457476600400e+02
1.813437718391502251e+00,-1.230576273903635780e+02
2.290160438459118541e+00,-1.226847146156753041e+02
2.764002420289391360e+00,-1.223109270705791118e+02
3.234973332371595678e+00,-1.219364837437588704e+02
3.703086088451117419e+00,-1.215616028217801698e+02
4.168356829487980697e+00,-1.211865015458530053e+02
4.630804902750397467e+00,-1.208113960692735702e+02
5.090452838057275109e+00,-1.204365013156475328e+02
5.547326321191730969e+00,-1.200620308379908749e+02
6.001454164506281330e+00,-1.196881966788080973e+02
6.452868274742686872e+00,-1.193152092312459729e+02
6.901603618095332848e+00,-1.189432771014174790e+02
7.347698182543553891e+00,-1.185726069719944320e+02
7.791192937486272285e+00,-1.182034034671621470e+02
8.232131790710795372e+00,-1.178358690190299569e+02
8.670561542730004234e+00,-1.174702037355929178e+02
9.106531838527640588e+00,-1.171066052703332332e+02
9.540095116748119608e+00,-1.167452686935551327e+02
9.971306556374859298e+00,-1.163863863655406305e+02
1.040022402093965503e+01,-1.160301478116148957e+02
1.082690800030767875e+01,-1.156767395992089007e+02
1.125142155008810008e+01,-1.153263452170022987e+02
1.167383022871694287e+01,-1.149791449562336254e+02
1.209420203226590829e+01,-1.146353157942564422e+02
1.251260732702960787e+01,-1.142950312804248796e+02
1.292911877994532333e+01,-1.139584614243861864e+02
1.334381128690399443e+01,-1.136257725868574653e+02
1.375676189901010105e+01,-1.132971273729618105e+02
1.416804974684995777e+01,-1.129726845281988545e+02
1.457775596283256370e+01,-1.126525988371184894e+02
1.498596360166392394e+01,-1.123370210247707064e+02
1.539275755902217035e+01,-1.120260976609965837e+02
1.579822448849922090e+01,-1.117199710676272133e+02
1.620245271687606348e+01,-1.114187792286544152e+02
1.660553215780344871e+01,-1.111226557034332103e+02
1.700755422395597094e+01,-1.108317295429768734e+02
1.740861173773393489e+01,-1.105461252094001878e+02
1.780879884058529328e+01,-1.102659624985659690e+02
1.820821090102131379e+01,-1.099913564659879768e+02
1.860694442140367144e+01,-1.097224173560384628e+02
1.900509694357695523e+01,-1.094592505345101756e+02
1.940276695342636870e+01,-1.092019564245760392e+02
1.980005378443825848e+01,-1.089506304461899902e+02
2.019705752034199620e+01,-1.087053629589702410e+02
2.059387889691557660e+01,-1.084662392086006690e+02
2.099061920303321926e+01,-1.082333392767874898e+02
2.138738018103877536e+01,-1.080067380348027086e+02
2.178426392652629318e+01,-1.077865051006446038e+02
2.218137278760953279e+01,-1.075727047998433648e+02
2.257880926376605046e+01,-1.073653961299357604e+02
2.297667590433660934e+01,-1.071646327286318865e+02
2.337507520676638961e+01,-1.069704628456931061e+02
2.377410951467117783e+01,-1.067829293185378390e+02
2.417388091581233311e+01,-1.066020695515905601e+02
2.457449114006726276e+01,-1.064279154993835874e+02
2.497604145747754956e+01,-1.062604936534226994e+02
2.537863257646171178e+01,-1.060998250328209309e+02
2.578236454227640095e+01,-1.059459251787048260e+02
2.618733663580963267e+01,-1.057988041523939557e+02
2.659364727279290008e+01,-1.056584665373511172e+02
2.700139390351338875e+01,-1.055249114448992600e+02
2.741067291311251708e+01,-1.053981325236971003e+02
2.782157952255331423e+01,-1.052781179729637415e+02
2.823420769033878841e+01,-1.051648505594396994e+02
2.864865001506540310e+01,-1.050583076380683138e+02
2.906499763889277688e+01,-1.049584611763802116e+02
2.948334015200984481e+01,-1.048652777825594882e+02
2.990376549818042307e+01,-1.047787187371686457e+02
3.032635988144504680e+01,-1.046987400285061796e+02
3.075120767406050248e+01,-1.046252923915685784e+02
3.117839132575384653e+01,-1.045583213505848477e+02
3.160799127436729705e+01,-1.044977672650910137e+02
3.204008585797227937e+01,-1.044435653795075609e+02
3.247475122852468843e+01,-1.043956458761817174e+02
3.291206126713746016e+01,-1.043539339318530210e+02
3.335208750104243336e+01,-1.043183497774992645e+02
3.379489902231129150e+01,-1.042888087615161226e+02
3.424056240840855025e+01,-1.042652214161829676e+02
3.468914164464195693e+01,-1.042474935273637726e+02
3.514069804858000623e+01,-1.042355262073902793e+02
3.559529019650136661e+01,-1.042292159710726054e+02
3.605297385193934900e+01,-1.042284548147797665e+02
3.651380189638638996e+01,-1.042331302985305115e+02
3.697782426221657204e+01,-1.042431256310330809e+02
3.744508786788792776e+01,-1.042583197576103515e+02
3.791563655548100087e+01,-1.042785874509443431e+02
3.838951103062819215e+01,-1.043037994045725156e+02
3.886674880489069750e+01,-1.043338223290669760e+02
3.934738414063152590e+01,-1.043685190508238634e+02
3.983144799843761064e+01,-1.044077486133911208e+02
4.031896798713781749e+01,-1.044513663812583957e+02
4.080996831646222489e+01,-1.044992241460334554e+02
4.130446975238900365e+01,-1.045511702349258485e+02
4.180248957521822462e+01,-1.046070496214585575e+02
4.230404154041466569e+01,-1.046667040383259604e+02
4.280913584225667989e+01,-1.047299720923149948e+02
4.331777908032557889e+01,-1.047966893812056384e+02
4.382997422887081740e+01,-1.048666886125645874e+02
4.434572060908136848e+01,-1.049397997243454768e+02
4.486501386429074500e+01,-1.050158500072073480e+02
4.538784593814548884e+01,-1.050946642284624062e+02
4.591420505575761268e+01,-1.051760647575620311e+02
4.644407570786619033e+01,-1.052598716930303482e+02
4.697743863802631381e+01,-1.053459029907527338e+02
4.751427083284168873e+01,-1.054339745935256900e+02
4.805454551525852480e+01,-1.055239005617748660e+02
4.859823214092985211e+01,-1.056154932053456008e+02
4.914529639766315228e+01,-1.057085632162712159e+02
4.969570020795789844e+01,-1.058029198024227782e+02
5.024940173463695459e+01,-1.058983708219437005e+02
5.080635538957756836e+01,-1.059947229183721760e+02
5.136651184553905836e+01,-1.060917816563543710e+02
5.192981805108751558e+01,-1.061893516578499259e+02
5.249621724861260930e+01,-1.062872367387331707e+02
5.306564899542745195e+01,-1.063852400456900398e+02
5.363804918794587451e+01,-1.064831641933144368e+02
5.421335008892125984e+01,-1.065808114013043308e+02
5.479148035773573611e+01,-1.066779836316599841e+02
5.537236508372202337e+01,-1.067744827257867115e+02
5.595592582249724245e+01,-1.068701105414028518e+02
5.654208063529102191e+01,-1.069646690891575105e+02
5.713074413123920436e+01,-1.070579606688583709e+02
5.772182751262116085e+01,-1.071497880052147877e+02
5.831523862301013850e+01,-1.072399543829984054e+02
5.891088199830474537e+01,-1.073282637815261182e+02
5.950865892061150930e+01,-1.074145210083699027e+02
6.010846747493901177e+01,-1.074985318321989354e+02
6.071020260866943374e+01,-1.075801031146606590e+02
6.131375619376567698e+01,-1.076590429412071188e+02
6.191901709167105849e+01,-1.077351607507751936e+02
6.252587122086006133e+01,-1.078082674642290471e+02
6.313420162698993465e+01,-1.078781756114752000e+02
6.374388855560773237e+01,-1.079446994571607661e+02
6.435480952736070037e+01,-1.080076551248676395e+02
6.496683941565616749e+01,-1.080668607197152511e+02
6.557985052671840265e+01,-1.081221364492872965e+02
6.619371268198484870e+01,-1.081733047427978960e+02
6.680829330278133682e+01,-1.082201903684148903e+02
6.742345749721951620e+01,-1.082626205486590862e+02
6.803906814924991409e+01,-1.083004250737998007e+02
6.865498600980991739e+01,-1.083334364131688261e+02
6.927106978999954379e+01,-1.083614898243163367e+02
6.988717625621596596e+01,-1.083844234599340268e+02
7.050316032718099279e+01,-1.084020784724723967e+02
7.111887517278690041e+01,-1.084142991163814855e+02
7.173417231469133526e+01,-1.084209328479052203e+02
7.234890172858645485e+01,-1.084218304223624330e+02
7.296291194806525482e+01,-1.084168459888483795e+02
7.357605017001291969e+01,-1.084058371822945048e+02
7.418816236143959486e+01,-1.083886652128235255e+02
7.479909336768052697e+01,-1.083651949523416960e+02
7.540868702188041084e+01,-1.083352950183101058e+02
7.601678625568027314e+01,-1.082988378546407944e+02
7.662323321102681462e+01,-1.082556998096640513e+02
7.722786935301705569e+01,-1.082057612111164389e+02
7.783053558369698521e+01,-1.081489064381016760e+02
7.843107235672765398e+01,-1.080850239899775715e+02
7.902931979283046360e+01,-1.080140065521255508e+02
7.962511779592895778e+01,-1.079357510585615216e+02
8.021830616989477392e+01,-1.078501587513492410e+02
8.080872473581284510e+01,-1.077571352367789785e+02
8.139621344967599725e+01,-1.076565905382780954e+02
8.198061252041769364e+01,-1.075484391460213658e+02
8.256176252819700778e+01,-1.074326000632121065e+02
8.313950454284156422e+01,-1.073089968490076984e+02
8.371368024236079464e+01,-1.071775576580644156e+02
8.428413203143855981e+01,-1.070382152766814130e+02
8.485070315981208466e+01,-1.068909071555234362e+02
8.541323784045015088e+01,-1.067355754389067215e+02
8.597158136743574630e+01,-1.065721669906338178e+02
8.652558023346502125e+01,-1.064006334163656504e+02
8.707508224687151710e+01,-1.062209310825227675e+02
8.761993664808314008e+01,-1.060330211317092335e+02
8.815999422542455477e+01,-1.058368694946554882e+02
8.869510743017350762e+01,-1.056324468986792198e+02
8.922513049078082759e+01,-1.054197288726664112e+02
8.974991952616770163e+01,-1.051986957485756591e+02
9.026933265800852269e+01,-1.049693326594737641e+02
9.078323012191398789e+01,-1.047316295341107946e+02
9.129147437742666682e+01,-1.044855810880470699e+02
9.179393021674087549e+01,-1.042311868113468876e+02
9.229046487206463212e+01,-1.039684509528548375e+02
9.278094812153501891e+01,-1.036973825010755945e+02
9.326525239360630337e+01,-1.034179951616775384e+02
9.374325286982679017e+01,-1.031303073316459944e+02
9.421482758592179607e+01,-1.028343420701129389e+02
9.467985753110450275e+01,-1.025301270658909658e+02
9.513822674553226477e+01,-1.022176946017456771e+02
9.558982241583311179e+01,-1.018970815154384155e+02
9.603453496862420025e+01,-1.015683291575770113e+02
9.647225816194602999e+01,-1.012314833463135955e+02
9.690288917454097373e+01,-1.008865943189291414e+02
9.732632869290031863e+01,-1.005337166803499258e+02
9.774248099601194895e+01,-1.001729093486402888e+02
9.815125403773767232e+01,-9.980423549751927226e+01
9.855255952675219078e+01,-9.942776249595252125e+01
9.894631300397962548e+01,-9.904356184486950099e+01
9.933243391746110262e+01,-9.865170911106194751e+01
9.971084569459289071e+01,-9.825228385831815103e+01
1.000814758116741103e+02,-9.784536957585184780e+01
1.004442558607042031e+02,-9.743105360408651450e+01
1.007991216133761156e+02,-9.700942705785463716e+01
1.011460130822076451e+02,-9.658058474707875973e+01
1.014848745787608095e+02,-9.614462509499698228e+01
1.018156547688978719e+02,-9.570165005400181713e+01
1.021383067250248899e+02,-9.525176501916124039e+01
1.024527879752785964e+02,-9.479507873949116004e+01
1.027590605496106662e+02,-9.433170322705363731e+01
1.030570910227289687e+02,-9.386175366395202957e+01
1.033468505538564131e+02,-9.338534830729949476e+01
1.036283149232693432e+02,-9.290260839223813605e+01
1.039014645655816338e+02,-9.241365803308424631e+01
1.041662845997422693e+02,-9.191862412268029914e+01
1.044227648557153429e+02,-9.141763623003492967e+01
1.046708998978164971e+02,-9.091082649632913615e+01
1.049106890446792448e+02,-9.039832952937527466e+01
1.051421363858295450e+02,-8.988028229660892521e+01
1.053652507948487340e+02,-8.935682401669991748e+01
1.055800459391056023e+02,-8.882809604986833563e+01
1.057865402860450956e+02,-8.829424178698977244e+01
1.059847571060184777e+02,-8.775540653757931864e+01
1.061747244716469254e+02,-8.721173741673972302e+01
1.063564752537104710e+02,-8.666338323116318065e+01
1.065300471135570461e+02,-8.611049436427654769e+01
1.066954824920303651e+02,-8.555322266061645564e+01
1.068528285949157492e+02,-8.499172130952790383e+01
1.070021373749080453e+02,-8.442614472827311545e+01
1.071434655101064095e+02,-8.385664844464280065e+01
1.072768743790440737e+02,-8.328338897916113126e+01
1.074024300322643910e+02,-8.270652372697253440e+01
1.075202031604553525e+02,-8.212621083950480738e+01
1.076302690591597866e+02,-8.154260910599626300e+01
1.077327075900784763e+02,-8.095587783497897760e+01
1.078276031389876977e+02,-8.036617673581005761e+01
1.079150445702947252e+02,-7.977366580033844912e+01
1.079951251782567994e+02,-7.917850518480082656e+01
1.080679426348933561e+02,-7.858085509203421282e+01
1.081335989346206929e+02,-7.798087565409466038e+01
1.081922003356442303e+02,-7.737872681537369601e+01
1.082438572981435385e+02,-7.677456821629681372e+01
1.082886844192885292e+02,-7.616855907769625844e+01
1.083268003651277809e+02,-7.556085808594167474e+01
1.083583277993922422e+02,-7.495162327891665655e+01
1.083833933092590911e+02,-7.434101193292767107e+01
1.084021273281249904e+02,-7.372918045062840520e+01
1.084146640554371714e+02,-7.311628425004344933e+01
1.084211413736358764e+02,-7.250247765477686812e+01
1.084217007622620486e+02,-7.188791378548259559e+01
1.084164872092870837e+02,-7.127274445268244563e+01
1.084056491197244014e+02,-7.065712005100780857e+01
1.083893382215817383e+02,-7.004118945494352033e+01
1.083677094692192782e+02,-6.942509991615352760e+01
1.083409209441772418e+02,-6.880899696245964492e+01
1.083091337535405074e+02,-6.819302429855213177e+01
1.082725119259088302e+02,-6.757732370850099812e+01
1.082312223050432323e+02,-6.696203496014085488e+01
1.081854344412612647e+02,-6.634729571139989446e+01
1.081353204806558921e+02,-6.573324141863839998e+01
1.080810550522128466e+02,-6.512000524706597560e+01
1.080228151529048688e+02,-6.450771798329957107e+01
1.079607800308419741e+02,-6.389650795012603623e+01
1.078951310665580365e+02,-6.328650092353151990e+01
1.078260516525168384e+02,-6.267782005205389595e+01
1.077537270709199930e+02,-6.207058577851875469e+01
1.076783443699029021e+02,-6.146491576421134084e+01
1.076000922382039420e+02,-6.086092481553874478e+01
1.075191608783956667e+02,-6.025872481323533947e+01
1.074357418787654410e+02,-5.965842464415658952e+01
1.073500280839366070e+02,-5.906013013571320158e+01
1.072622134643194300e+02,-5.846394399298603872e+01
1.071724929844856575e+02,-5.786996573856724524e+01
1.070810624705577823e+02,-5.727829165516833854e+01
1.069881184767069016e+02,-5.668901473103073130e+01
1.068938581508548111e+02,-5.610222460817897883e+01
1.067984790996729032e+02,-5.551800753354645224e+01
1.067021792529766770e+02,-5.493644631300750092e+01
1.066051567276093976e+02,-5.435762026834524363e+01
1.065076096909128864e+02,-5.378160519717933852e+01
1.064097362238831437e+02,-5.320847333588208272e+01
1.063117341841068964e+02,-5.263829332550128015e+01
1.062138010685781495e+02,-5.207113018071117949e+01
1.061161338764923414e+02,-5.150704526180992815e+01
1.060189289721157309e+02,-5.094609624977570661e+01
1.059223819478295638e+02,-5.038833712439589618e+01
1.058266874874457812e+02,-4.983381814547969668e+01
1.057320392298931608e+02,-4.928258583715913943e+01
1.056386296333721759e+02,-4.873468297528729209e+01
1.055466498400753608e+02,-4.819014857793302298e+01
1.054562895415719055e+02,-4.764901789897428586e+01
1.053677368449526170e+02,-4.711132242478834087e+01
1.052811781398321074e+02,-4.657708987403162837e+01
1.051967979663048709e+02,-4.604634420050585675e+01
1.051147788839504358e+02,-4.551910559909770626e+01
1.050353013419821906e+02,-4.499539051478139839e+01
1.049585435506351132e+02,-4.447521165467134097e+01
1.048846813538846874e+02,-4.395857800310481878e+01
1.048138881035902017e+02,-4.344549483973943182e+01
1.047463345351542756e+02,-4.293596376064114395e+01
1.046821886447883259e+02,-4.242998270233993452e+01
1.046216155684748088e+02,-4.192754596882855367e+01
1.045647774627132947e+02,-4.142864426147299639e+01
1.045118333871388643e+02,-4.093326471180761672e+01
1.044629391890981509e+02,-4.044139091717914170e+01
1.044182473902676804e+02,-3.995300297920577748e+01
1.043779070753980562e+02,-3.946807754501512022e+01
1.043420637832655729e+02,-3.898658785121894255e+01
1.043108593999117346e+02,-3.850850377058652185e+01
1.042844320542494501e+02,-3.803379186137026835e+01
1.042629160161124986e+02,-3.756241541923904492e+01
1.042464415968246954e+02,-3.709433453177278750e+01
1.042351350523614286e+02,-3.662950613546597367e+01
1.042291184891760878e+02,-3.616788407519175053e+01
1.042285097727610008e+02,-3.570941916607052491e+01
1.042334224390113206e+02,-3.525405925768892246e+01
1.042439656084578559e+02,-3.480174930061309624e+01
1.042602439034332349e+02,-3.435243141513499410e+01
1.042823573682329510e+02,-3.390604496219403075e+01
1.043104013923320963e+02,-3.346252661640968284e+01
1.043444666367147988e+02,-3.302181044116198194e+01
1.043846389633728649e+02,-3.258382796565581430e+01
1.044309993680263773e+02,-3.214850826390007654e+01
1.044836239161178213e+02,-3.171577803553456221e+01
1.045425836821282672e+02,-3.128556168843573104e+01
1.046079446922627767e+02,-3.085778142302812554e+01
1.046797678705481189e+02,-3.043235731823182277e+01
1.047581089883853736e+02,-3.000920741897020605e+01
1.048430186175965844e+02,-2.958824782516434837e+01
1.049345420870014323e+02,-2.916939278213904174e+01
1.050327194425595252e+02,-2.875255477236155954e+01
1.051375854111087307e+02,-2.833764460843793032e+01
1.052491693677296070e+02,-2.792457152728589520e+01
1.053674953067622653e+02,-2.751324328540584219e+01
1.054925818164992961e+02,-2.710356625517023588e+01
1.056244420575769567e+02,-2.669544552204831689e+01
1.057630837450824401e+02,-2.628878498268695552e+01
1.059085091343938245e+02,-2.588348744376307309e+01
1.060607150107662449e+02,-2.547945472152570900e+01
1.062196926826743351e+02,-2.507658774194527496e+01
1.063854279789200490e+02,-2.467478664138399580e+01
1.065579012495098539e+02,-2.427395086770615151e+01
1.067370873703054883e+02,-2.387397928174160455e+01
1.069229557514470201e+02,-2.347477025901886449e+01
1.071154703495456317e+02,-2.307622179168394183e+01
1.073145896836418984e+02,-2.267823159051811288e+01
1.075202668549191714e+02,-2.228069718697231494e+01
1.077324495701633680e+02,-2.188351603513147481e+01
1.079510801689547890e+02,-2.148658561352500840e+01
1.081760956545748797e+02,-2.108980352670000968e+01
1.084074277286108554e+02,-2.069306760647088339e+01
1.086450028292349259e+02,-2.029627601276436977e+01
1.088887421731349008e+02,-1.989932733397425579e+01
1.091385618010692866e+02,-1.950212068674390764e+01
1.093943726270169350e+02,-1.910455581509505762e+01
1.096560804908898348e+02,-1.870653318881944216e+01
1.099235862147741187e+02,-1.830795410105292476e+01
1.101967856626619238e+02,-1.790872076495280751e+01
1.104755698036355227e+02,-1.750873640939637710e+01
1.107598247784599721e+02,-1.710790537362461805e+01
1.110494319695412742e+02,-1.670613320075111474e+01
1.113442680742021480e+02,-1.630332673006007482e+01
1.116442051812259422e+02,-1.589939418801868065e+01
1.119491108506177710e+02,-1.549424527792664996e+01
1.122588481965276941e+02,-1.508779126813226767e+01
1.125732759732800474e+02,-1.467994507874009535e+01
1.128922486644513725e+02,-1.427062136674037518e+01
1.132156165749336054e+02,-1.385973660949106545e+01
1.135432259259225560e+02,-1.344720918648192232e+01
1.138749189527641335e+02,-1.303295945931641242e+01
1.142105340055924785e+02,-1.261690984984356589e+01
1.145499056526911232e+02,-1.219898491637689020e+01
1.148928647865042478e+02,-1.177911142793876387e+01
1.152392387322278040e+02,-1.135721843646736495e+01
1.155888513589022466e+02,-1.093323734692975435e+01
1.159415231929334880e+02,-1.050710198528159545e+01
1.162970715339611729e+02,-1.007874866421874138e+01
1.166553105729952478e+02,-9.648116246668079654e+00
1.170160515127384855e+02,-9.215146206963137132e+00
1.173791026900119476e+02,-8.779782689657617212e+00
1.177442697001983731e+02,-8.341972565926210947e+00
1.181113555236173340e+02,-7.901665487507678165e+00
1.184801606537433543e+02,-7.458813938147121902e+00
1.188504832271795379e+02,-7.013373282492953109e+00
1.192221191552945925e+02,-6.565301812411655114e+00
1.195948622574330216e+02,-6.114560790679994362e+00
1.199685043956056347e+02,-5.661114492020041133e+00
1.203428356105647765e+02,-5.204930241444460037e+00
1.207176442591727152e+02,-4.745978449878303529e+00
1.210927171529638287e+02,-4.284232647031193331e+00
1.214678396978073067e+02,-3.819669511490578984e+00
1.218427960345706396e+02,-3.352268898012396026e+00
1.222173691806861910e+02,-2.882013861987895442e+00
1.225913411725234567e+02,-2.408890681064682404e+00
1.229644932084661946e+02,-1.932888873905236338e+00
1.233366057925947246e+02,-1.454001216068650848e+00
1.237074588788737941e+02,-9.722237529998789540e-01
1.240768320157443156e+02,-4.875558101190761717e-01
1.244445044910192451e+02,-3.048011281928102751e-14
